date,skill,model,input_tokens,output_tokens,cache_read,cache_creation
2026-09-22,heartbeat,deepseek-flash,49005,11863,556288,0
2026-09-22,dental-lead-scout,deepseek-flash,42349,28394,1380224,0
2026-09-30,dental-lead-scout,deepseek-flash,63979,48335,4346240,0
2026-10-01,dental-lead-scout,deepseek-flash,56297,35826,3072896,0
2026-10-01,digest,deepseek-flash,56970,18458,1506688,0
2026-10-01,heartbeat,deepseek-flash,55884,10258,639104,0
2026-10-02,dental-lead-scout,deepseek-flash,53445,18690,1514240,0
2026-10-02,heartbeat,deepseek-flash,55000,6790,359168,0
2026-10-03,dental-lead-scout,deepseek-flash,74275,52872,6737920,0
2026-10-03,heartbeat,deepseek-flash,57305,8942,302592,0
2026-10-04,dental-lead-scout,deepseek-flash,58743,31105,1910656,0
2026-10-04,heartbeat,deepseek-flash,63666,15525,772736,0
